{"v":"5.2.1","fr":24,"ip":0,"op":83,"w":244,"h":190,"nm":"composicion FINAL","ddd":0,"assets":[{"id":"comp_0","layers":[{"ddd":0,"ind":1,"ty":4,"nm":"tiny_cross/assets_BG_default contornos","sr":1,"ks":{"o":{"a":1,"k":[{"i":{"x":[0.833],"y":[0.833]},"o":{"x":[0.167],"y":[0.167]},"n":["0p833_0p833_0p167_0p167"],"t":6,"s":[0],"e":[100]},{"i":{"x":[0.833],"y":[0.833]},"o":{"x":[0.167],"y":[0.167]},"n":["0p833_0p833_0p167_0p167"],"t":16,"s":[100],"e":[100]},{"i":{"x":[0.833],"y":[0.833]},"o":{"x":[0.167],"y":[0.167]},"n":["0p833_0p833_0p167_0p167"],"t":24,"s":[100],"e":[0]},{"t":34}],"ix":11},"r":{"a":1,"k":[{"i":{"x":[0.833],"y":[0.833]},"o":{"x":[0.167],"y":[0.167]},"n":["0p833_0p833_0p167_0p167"],"t":1,"s":[0],"e":[1100]},{"t":44}],"ix":10},"p":{"a":0,"k":[5.5,5.5,0],"ix":2},"a":{"a":0,"k":[5.5,5.5,0],"ix":1},"s":{"a":1,"k":[{"i":{"x":[0.833,0.833,0.833],"y":[0.833,0.833,0.833]},"o":{"x":[0.167,0.167,0.167],"y":[0.167,0.167,0.167]},"n":["0p833_0p833_0p167_0p167","0p833_0p833_0p167_0p167","0p833_0p833_0p167_0p167"],"t":5,"s":[20,20,100],"e":[100,100,100]},{"t":15}],"ix":6}},"ao":0,"shapes":[{"ty":"gr","it":[{"ind":0,"ty":"sh","ix":1,"ks":{"a":0,"k":{"i":[[0,0],[0,0],[0,-0.453],[0.444,0],[0,0],[0,0],[0.453,0],[0,0.445],[0,0],[0,0],[0,0.452],[-0.445,0],[0,0],[0,0],[-0.453,0],[0,-0.444]],"o":[[0,0],[0.444,0],[0,0.452],[0,0],[0,0],[0,0.445],[-0.453,0],[0,0],[0,0],[-0.445,0],[0,-0.453],[0,0],[0,0],[0,-0.444],[0.453,0],[0,0]],"v":[[0.82,-0.799],[4.021,-0.799],[4.827,0.022],[4.021,0.842],[0.82,0.842],[0.82,4.022],[-0.001,4.827],[-0.821,4.022],[-0.821,0.842],[-4.023,0.842],[-4.827,0.022],[-4.023,-0.799],[-0.821,-0.799],[-0.821,-4.023],[-0.001,-4.827],[0.82,-4.023]],"c":true},"ix":2},"nm":"Trazado 1","mn":"ADBE Vector Shape - Group","hd":false},{"ty":"gr","it":[{"ty":"tr","p":{"a":0,"k":[0,0],"ix":2},"a":{"a":0,"k":[0,0],"ix":1},"s":{"a":0,"k":[100,100],"ix":3},"r":{"a":0,"k":0,"ix":6},"o":{"a":0,"k":100,"ix":7},"sk":{"a":0,"k":0,"ix":4},"sa":{"a":0,"k":0,"ix":5},"nm":"Transformar"}],"nm":"Grupo 1","np":0,"cix":2,"ix":2,"mn":"ADBE Vector Group","hd":false},{"ty":"mm","mm":4,"nm":"Combinar trazados 1","mn":"ADBE Vector Filter - Merge","hd":false},{"ty":"fl","c":{"a":0,"k":[0.536999990426,0.282000014361,0.976000019148,1],"ix":4},"o":{"a":0,"k":100,"ix":5},"r":1,"nm":"Relleno 1","mn":"ADBE Vector Graphic - Fill","hd":false},{"ty":"tr","p":{"a":0,"k":[5.076,5.076],"ix":2},"a":{"a":0,"k":[0,0],"ix":1},"s":{"a":0,"k":[100,100],"ix":3},"r":{"a":0,"k":0,"ix":6},"o":{"a":0,"k":100,"ix":7},"sk":{"a":0,"k":0,"ix":4},"sa":{"a":0,"k":0,"ix":5},"nm":"Transformar"}],"nm":"Grupo 1","np":4,"cix":2,"ix":1,"mn":"ADBE Vector Group","hd":false}],"ip":0,"op":120,"st":0,"bm":0}]},{"id":"comp_1","layers":[{"ddd":0,"ind":1,"ty":4,"nm":"tiny_cross/assets_BG_default contornos","sr":1,"ks":{"o":{"a":1,"k":[{"i":{"x":[0.833],"y":[0.833]},"o":{"x":[0.167],"y":[0.167]},"n":["0p833_0p833_0p167_0p167"],"t":6,"s":[0],"e":[100]},{"i":{"x":[0.833],"y":[0.833]},"o":{"x":[0.167],"y":[0.167]},"n":["0p833_0p833_0p167_0p167"],"t":16,"s":[100],"e":[100]},{"i":{"x":[0.833],"y":[0.833]},"o":{"x":[0.167],"y":[0.167]},"n":["0p833_0p833_0p167_0p167"],"t":24,"s":[100],"e":[0]},{"t":34}],"ix":11},"r":{"a":1,"k":[{"i":{"x":[0.833],"y":[0.833]},"o":{"x":[0.167],"y":[0.167]},"n":["0p833_0p833_0p167_0p167"],"t":1,"s":[0],"e":[1100]},{"t":44}],"ix":10},"p":{"a":0,"k":[5.5,5.5,0],"ix":2},"a":{"a":0,"k":[5.5,5.5,0],"ix":1},"s":{"a":1,"k":[{"i":{"x":[0.833,0.833,0.833],"y":[0.833,0.833,0.833]},"o":{"x":[0.167,0.167,0.167],"y":[0.167,0.167,0.167]},"n":["0p833_0p833_0p167_0p167","0p833_0p833_0p167_0p167","0p833_0p833_0p167_0p167"],"t":5,"s":[20,20,100],"e":[100,100,100]},{"t":15}],"ix":6}},"ao":0,"shapes":[{"ty":"gr","it":[{"ind":0,"ty":"sh","ix":1,"ks":{"a":0,"k":{"i":[[0,0],[0,0],[0,-0.453],[0.444,0],[0,0],[0,0],[0.453,0],[0,0.445],[0,0],[0,0],[0,0.452],[-0.445,0],[0,0],[0,0],[-0.453,0],[0,-0.444]],"o":[[0,0],[0.444,0],[0,0.452],[0,0],[0,0],[0,0.445],[-0.453,0],[0,0],[0,0],[-0.445,0],[0,-0.453],[0,0],[0,0],[0,-0.444],[0.453,0],[0,0]],"v":[[0.82,-0.799],[4.021,-0.799],[4.827,0.022],[4.021,0.842],[0.82,0.842],[0.82,4.022],[-0.001,4.827],[-0.821,4.022],[-0.821,0.842],[-4.023,0.842],[-4.827,0.022],[-4.023,-0.799],[-0.821,-0.799],[-0.821,-4.023],[-0.001,-4.827],[0.82,-4.023]],"c":true},"ix":2},"nm":"Trazado 1","mn":"ADBE Vector Shape - Group","hd":false},{"ty":"gr","it":[{"ty":"tr","p":{"a":0,"k":[0,0],"ix":2},"a":{"a":0,"k":[0,0],"ix":1},"s":{"a":0,"k":[100,100],"ix":3},"r":{"a":0,"k":0,"ix":6},"o":{"a":0,"k":100,"ix":7},"sk":{"a":0,"k":0,"ix":4},"sa":{"a":0,"k":0,"ix":5},"nm":"Transformar"}],"nm":"Grupo 1","np":0,"cix":2,"ix":2,"mn":"ADBE Vector Group","hd":false},{"ty":"mm","mm":4,"nm":"Combinar trazados 1","mn":"ADBE Vector Filter - Merge","hd":false},{"ty":"fl","c":{"a":0,"k":[1,0.8,0.525490196078,1],"ix":4},"o":{"a":0,"k":100,"ix":5},"r":1,"nm":"Relleno 1","mn":"ADBE Vector Graphic - Fill","hd":false},{"ty":"tr","p":{"a":0,"k":[5.076,5.076],"ix":2},"a":{"a":0,"k":[0,0],"ix":1},"s":{"a":0,"k":[100,100],"ix":3},"r":{"a":0,"k":0,"ix":6},"o":{"a":0,"k":100,"ix":7},"sk":{"a":0,"k":0,"ix":4},"sa":{"a":0,"k":0,"ix":5},"nm":"Transformar"}],"nm":"Grupo 1","np":4,"cix":2,"ix":1,"mn":"ADBE Vector Group","hd":false}],"ip":0,"op":120,"st":0,"bm":0}]},{"id":"comp_2","layers":[{"ddd":0,"ind":1,"ty":4,"nm":"tiny_circle/assets_BG_default contornos","sr":1,"ks":{"o":{"a":1,"k":[{"i":{"x":[0.833],"y":[0.833]},"o":{"x":[0.167],"y":[0.167]},"n":["0p833_0p833_0p167_0p167"],"t":5,"s":[0],"e":[100]},{"i":{"x":[0.833],"y":[0.833]},"o":{"x":[0.167],"y":[0.167]},"n":["0p833_0p833_0p167_0p167"],"t":12,"s":[100],"e":[100]},{"i":{"x":[0.833],"y":[0.833]},"o":{"x":[0.167],"y":[0.167]},"n":["0p833_0p833_0p167_0p167"],"t":19,"s":[100],"e":[0]},{"t":26}],"ix":11},"r":{"a":0,"k":0,"ix":10},"p":{"a":0,"k":[4.5,4.5,0],"ix":2},"a":{"a":0,"k":[4.5,4.5,0],"ix":1},"s":{"a":1,"k":[{"i":{"x":[0.833,0.833,0.833],"y":[0.833,0.833,0.833]},"o":{"x":[0.167,0.167,0.167],"y":[0.167,0.167,0.167]},"n":["0p833_0p833_0p167_0p167","0p833_0p833_0p167_0p167","0p833_0p833_0p167_0p167"],"t":2,"s":[20,20,100],"e":[104,104,100]},{"i":{"x":[0.833,0.833,0.833],"y":[0.833,0.833,0.833]},"o":{"x":[0.167,0.167,0.167],"y":[0.167,0.167,0.167]},"n":["0p833_0p833_0p167_0p167","0p833_0p833_0p167_0p167","0p833_0p833_0p167_0p167"],"t":9,"s":[104,104,100],"e":[89,89,100]},{"t":13}],"ix":6}},"ao":0,"shapes":[{"ty":"gr","it":[{"ind":0,"ty":"sh","ix":1,"ks":{"a":0,"k":{"i":[[2.261,0],[0,2.326],[-2.261,0],[0,-2.325]],"o":[[-2.261,0],[0,-2.325],[2.261,0],[0,2.326]],"v":[[0,4.219],[-4.084,-0.001],[0,-4.219],[4.084,-0.001]],"c":true},"ix":2},"nm":"Trazado 1","mn":"ADBE Vector Shape - Group","hd":false},{"ind":1,"ty":"sh","ix":2,"ks":{"a":0,"k":{"i":[[-1.588,0],[0,1.673],[1.587,0],[0,-1.673]],"o":[[1.587,0],[0,-1.673],[-1.588,0],[0,1.673]],"v":[[0,3.02],[2.884,0],[0,-3.021],[-2.884,0]],"c":true},"ix":2},"nm":"Trazado 2","mn":"ADBE Vector Shape - Group","hd":false},{"ty":"mm","mm":1,"nm":"Combinar trazados 1","mn":"ADBE Vector Filter - Merge","hd":false},{"ty":"mm","mm":4,"nm":"Combinar trazados 2","mn":"ADBE Vector Filter - Merge","hd":false},{"ty":"fl","c":{"a":0,"k":[1,0.8,0.525,1],"ix":4},"o":{"a":0,"k":100,"ix":5},"r":1,"nm":"Relleno 1","mn":"ADBE Vector Graphic - Fill","hd":false},{"ty":"tr","p":{"a":0,"k":[4.334,4.47],"ix":2},"a":{"a":0,"k":[0,0],"ix":1},"s":{"a":0,"k":[100,100],"ix":3},"r":{"a":0,"k":0,"ix":6},"o":{"a":0,"k":100,"ix":7},"sk":{"a":0,"k":0,"ix":4},"sa":{"a":0,"k":0,"ix":5},"nm":"Transformar"}],"nm":"Grupo 1","np":5,"cix":2,"ix":1,"mn":"ADBE Vector Group","hd":false}],"ip":0,"op":120,"st":0,"bm":0}]},{"id":"comp_3","layers":[{"ddd":0,"ind":1,"ty":4,"nm":"tiny_circle/assets_BG_default contornos","sr":1,"ks":{"o":{"a":1,"k":[{"i":{"x":[0.833],"y":[0.833]},"o":{"x":[0.167],"y":[0.167]},"n":["0p833_0p833_0p167_0p167"],"t":7,"s":[0],"e":[100]},{"i":{"x":[0.833],"y":[0.833]},"o":{"x":[0.167],"y":[0.167]},"n":["0p833_0p833_0p167_0p167"],"t":13,"s":[100],"e":[100]},{"i":{"x":[0.833],"y":[0.833]},"o":{"x":[0.167],"y":[0.167]},"n":["0p833_0p833_0p167_0p167"],"t":22,"s":[100],"e":[0]},{"t":27}],"ix":11},"r":{"a":0,"k":0,"ix":10},"p":{"a":0,"k":[4.5,4.5,0],"ix":2},"a":{"a":0,"k":[4.5,4.5,0],"ix":1},"s":{"a":1,"k":[{"i":{"x":[0.833,0.833,0.833],"y":[0.833,0.833,0.833]},"o":{"x":[0.167,0.167,0.167],"y":[0.167,0.167,0.167]},"n":["0p833_0p833_0p167_0p167","0p833_0p833_0p167_0p167","0p833_0p833_0p167_0p167"],"t":12,"s":[20,20,100],"e":[104,104,100]},{"i":{"x":[0.833,0.833,0.833],"y":[0.833,0.833,0.833]},"o":{"x":[0.167,0.167,0.167],"y":[0.167,0.167,0.167]},"n":["0p833_0p833_0p167_0p167","0p833_0p833_0p167_0p167","0p833_0p833_0p167_0p167"],"t":17,"s":[104,104,100],"e":[89,89,100]},{"t":20}],"ix":6}},"ao":0,"shapes":[{"ty":"gr","it":[{"ind":0,"ty":"sh","ix":1,"ks":{"a":0,"k":{"i":[[2.261,0],[0,2.326],[-2.261,0],[0,-2.325]],"o":[[-2.261,0],[0,-2.325],[2.261,0],[0,2.326]],"v":[[0,4.219],[-4.084,-0.001],[0,-4.219],[4.084,-0.001]],"c":true},"ix":2},"nm":"Trazado 1","mn":"ADBE Vector Shape - Group","hd":false},{"ind":1,"ty":"sh","ix":2,"ks":{"a":0,"k":{"i":[[-1.588,0],[0,1.673],[1.587,0],[0,-1.673]],"o":[[1.587,0],[0,-1.673],[-1.588,0],[0,1.673]],"v":[[0,3.02],[2.884,0],[0,-3.021],[-2.884,0]],"c":true},"ix":2},"nm":"Trazado 2","mn":"ADBE Vector Shape - Group","hd":false},{"ty":"mm","mm":1,"nm":"Combinar trazados 1","mn":"ADBE Vector Filter - Merge","hd":false},{"ty":"mm","mm":4,"nm":"Combinar trazados 2","mn":"ADBE Vector Filter - Merge","hd":false},{"ty":"fl","c":{"a":0,"k":[0.537254901961,0.282352941176,0.976470588235,1],"ix":4},"o":{"a":0,"k":100,"ix":5},"r":1,"nm":"Relleno 1","mn":"ADBE Vector Graphic - Fill","hd":false},{"ty":"tr","p":{"a":0,"k":[4.334,4.47],"ix":2},"a":{"a":0,"k":[0,0],"ix":1},"s":{"a":0,"k":[100,100],"ix":3},"r":{"a":0,"k":0,"ix":6},"o":{"a":0,"k":100,"ix":7},"sk":{"a":0,"k":0,"ix":4},"sa":{"a":0,"k":0,"ix":5},"nm":"Transformar"}],"nm":"Grupo 1","np":5,"cix":2,"ix":1,"mn":"ADBE Vector Group","hd":false}],"ip":0,"op":120,"st":0,"bm":0}]},{"id":"comp_4","layers":[{"ddd":0,"ind":1,"ty":4,"nm":"brightness/assets_BG_default contornos","sr":1,"ks":{"o":{"a":0,"k":8,"ix":11},"r":{"a":1,"k":[{"i":{"x":[0.833],"y":[0.833]},"o":{"x":[0.167],"y":[0.167]},"n":["0p833_0p833_0p167_0p167"],"t":0,"s":[0],"e":[360]},{"t":118}],"ix":10},"p":{"a":0,"k":[78,78,0],"ix":2},"a":{"a":0,"k":[78,78,0],"ix":1},"s":{"a":0,"k":[100,100,100],"ix":6}},"ao":0,"shapes":[{"ty":"gr","it":[{"ind":0,"ty":"sh","ix":1,"ks":{"a":0,"k":{"i":[[7.714,-2.528],[0,0],[-0.884,0.001],[0,0]],"o":[[0,0],[0.8,-0.263],[0,0],[-8.16,0.024]],"v":[[-24.149,-73.653],[-2.565,-7.817],[-0.025,-8.215],[-0.227,-77.5]],"c":true},"ix":2},"nm":"Trazado 2","mn":"ADBE Vector Shape - Group","hd":false},{"ind":1,"ty":"sh","ix":2,"ks":{"a":0,"k":{"i":[[0,0],[-0.694,-0.501],[0,0],[7.758,2.491]],"o":[[0.8,0.259],[0,0],[-6.619,-4.782],[0,0]],"v":[[2.528,-7.829],[4.782,-6.684],[45.372,-62.833],[23.709,-73.794]],"c":true},"ix":2},"nm":"Trazado 3","mn":"ADBE Vector Shape - Group","hd":false},{"ind":2,"ty":"sh","ix":3,"ks":{"a":0,"k":{"i":[[4.761,-6.576],[0,0],[-0.715,0.524],[0,0]],"o":[[0,0],[0.517,-0.715],[0,0],[-6.554,4.796]],"v":[[-62.79,-45.43],[-6.675,-4.792],[-4.819,-6.658],[-45.738,-62.566]],"c":true},"ix":2},"nm":"Trazado 4","mn":"ADBE Vector Shape - Group","hd":false},{"ind":3,"ty":"sh","ix":4,"ks":{"a":0,"k":{"i":[[0,0],[-0.261,-0.797],[0,0],[4.827,6.585]],"o":[[0.51,0.696],[0,0],[-2.541,-7.735],[0,0]],"v":[[6.648,-4.831],[7.811,-2.58],[73.628,-24.219],[62.522,-45.798]],"c":true},"ix":2},"nm":"Trazado 5","mn":"ADBE Vector Shape - Group","hd":false},{"ind":4,"ty":"sh","ix":5,"ks":{"a":0,"k":{"i":[[0,-8.108],[0,0],[0,0],[0,0],[0,0],[-0.246,0.763],[0,0]],"o":[[0,0],[0,0],[0,0],[0,0],[0.012,-0.841],[0,0],[-2.475,7.676]],"v":[[-77.499,0.001],[-77.497,0.085],[-42.924,0.085],[-8.214,0.085],[-8.214,-0.116],[-7.827,-2.532],[-73.77,-23.785]],"c":true},"ix":2},"nm":"Trazado 6","mn":"ADBE Vector Shape - Group","hd":false},{"ind":5,"ty":"sh","ix":6,"ks":{"a":0,"k":{"i":[[0,0],[0,0],[0.261,-0.803],[0,0],[0,8.159],[0,0]],"o":[[0,0],[0,0.887],[0,0],[2.506,-7.718],[0,0],[0,0]],"v":[[8.215,-0.169],[8.215,0.001],[7.822,2.548],[73.723,23.932],[77.499,0.001],[77.499,-0.169]],"c":true},"ix":2},"nm":"Trazado 7","mn":"ADBE Vector Shape - Group","hd":false},{"ind":6,"ty":"sh","ix":7,"ks":{"a":0,"k":{"i":[[0,0],[0,0],[0,0]],"o":[[0,0],[0,0],[0,0]],"v":[[-77.497,0.085],[-77.47,1.386],[-42.924,0.085]],"c":true},"ix":2},"nm":"Trazado 8","mn":"ADBE Vector Shape - Group","hd":false},{"ind":7,"ty":"sh","ix":8,"ks":{"a":0,"k":{"i":[[0,0],[0,0]],"o":[[0,0],[0,0]],"v":[[-77.498,0.085],[-77.497,0.085]],"c":true},"ix":2},"nm":"Trazado 9","mn":"ADBE Vector Shape - Group","hd":false},{"ind":8,"ty":"sh","ix":9,"ks":{"a":0,"k":{"i":[[0,0],[-4.809,-6.585],[0,0],[0.264,0.808]],"o":[[2.529,7.739],[0,0],[-0.508,-0.696],[0,0]],"v":[[-73.674,24.084],[-62.614,45.672],[-6.657,4.818],[-7.821,2.552]],"c":true},"ix":2},"nm":"Trazado 10","mn":"ADBE Vector Shape - Group","hd":false},{"ind":9,"ty":"sh","ix":10,"ks":{"a":0,"k":{"i":[[0.71,-0.518],[0,0],[-4.779,6.57],[0,0]],"o":[[0,0],[6.565,-4.783],[0,0],[-0.519,0.712]],"v":[[4.815,6.659],[45.605,62.664],[62.702,45.555],[6.666,4.807]],"c":true},"ix":2},"nm":"Trazado 11","mn":"ADBE Vector Shape - Group","hd":false},{"ind":10,"ty":"sh","ix":11,"ks":{"a":0,"k":{"i":[[0,0],[-7.752,-2.507],[0,0],[0.695,0.503]],"o":[[6.605,4.795],[0,0],[-0.802,-0.26],[0,0]],"v":[[-45.495,62.743],[-23.859,73.747],[-2.54,7.825],[-4.796,6.675]],"c":true},"ix":2},"nm":"Trazado 12","mn":"ADBE Vector Shape - Group","hd":false},{"ind":11,"ty":"sh","ix":12,"ks":{"a":0,"k":{"i":[[0.888,-0.001],[0,0],[-7.717,2.511],[0,0]],"o":[[0,0],[8.158,-0.008],[0,0],[-0.803,0.261]],"v":[[0.008,8.216],[0.076,77.5],[24,73.703],[2.556,7.821]],"c":true},"ix":2},"nm":"Trazado 13","mn":"ADBE Vector Shape - Group","hd":false},{"ty":"mm","mm":1,"nm":"Combinar trazados 1","mn":"ADBE Vector Filter - Merge","hd":false},{"ty":"fl","c":{"a":0,"k":[1,0.850980392157,0.325490196078,1],"ix":4},"o":{"a":0,"k":100,"ix":5},"r":1,"nm":"Relleno 1","mn":"ADBE Vector Graphic - Fill","hd":false},{"ty":"tr","p":{"a":0,"k":[77.749,77.75],"ix":2},"a":{"a":0,"k":[0,0],"ix":1},"s":{"a":0,"k":[100,100],"ix":3},"r":{"a":0,"k":0,"ix":6},"o":{"a":0,"k":100,"ix":7},"sk":{"a":0,"k":0,"ix":4},"sa":{"a":0,"k":0,"ix":5},"nm":"Transformar"}],"nm":"Grupo 1","np":14,"cix":2,"ix":1,"mn":"ADBE Vector Group","hd":false}],"ip":0,"op":120,"st":0,"bm":0}]}],"layers":[{"ddd":0,"ind":7,"ty":0,"nm":"tiny_cross","refId":"comp_0","sr":1,"ks":{"o":{"a":0,"k":100,"ix":11},"r":{"a":0,"k":0,"ix":10},"p":{"a":1,"k":[{"i":{"x":0.833,"y":0.833},"o":{"x":0.167,"y":0.167},"n":"0p833_0p833_0p167_0p167","t":41,"s":[122,92,0],"e":[42,52,0],"to":[-18.8333339691162,-19.1666660308838,0],"ti":[32.8333320617676,4.66666650772095,0]},{"i":{"x":0.833,"y":0.833},"o":{"x":0.167,"y":0.167},"n":"0p833_0p833_0p167_0p167","t":61,"s":[42,52,0],"e":[42,52,0],"to":[-14.7587900161743,-2.09769606590271,0],"ti":[0,0,0]},{"t":79}],"ix":2},"a":{"a":0,"k":[5.5,5.5,0],"ix":1},"s":{"a":0,"k":[100,100,100],"ix":6}},"ao":0,"w":11,"h":11,"ip":38,"op":86,"st":38,"bm":0},{"ddd":0,"ind":8,"ty":0,"nm":"tiny_cross 2","refId":"comp_1","sr":1,"ks":{"o":{"a":0,"k":100,"ix":11},"r":{"a":0,"k":0,"ix":10},"p":{"a":1,"k":[{"i":{"x":0.833,"y":0.833},"o":{"x":0.167,"y":0.167},"n":"0p833_0p833_0p167_0p167","t":46,"s":[122,92,0],"e":[192,152,0],"to":[33.6666679382324,10.5,0],"ti":[-22.1666660308838,-36,0]},{"i":{"x":0.833,"y":0.833},"o":{"x":0.167,"y":0.167},"n":"0p833_0p833_0p167_0p167","t":70,"s":[192,152,0],"e":[192,152,0],"to":[8.05661201477051,13.0844221115112,0],"ti":[0,0,0]},{"t":79}],"ix":2},"a":{"a":0,"k":[5.5,5.5,0],"ix":1},"s":{"a":0,"k":[100,100,100],"ix":6}},"ao":0,"w":11,"h":11,"ip":43,"op":91,"st":43,"bm":0},{"ddd":0,"ind":9,"ty":0,"nm":"tiny_circle","refId":"comp_2","sr":1,"ks":{"o":{"a":0,"k":100,"ix":11},"r":{"a":0,"k":0,"ix":10},"p":{"a":1,"k":[{"i":{"x":0.833,"y":0.833},"o":{"x":0.167,"y":0.167},"n":"0p833_0p833_0p167_0p167","t":57,"s":[122,92,0],"e":[44.367,119.09,0],"to":[-49.9266891479492,-7.76637363433838,0],"ti":[6.62994384765625,-8.92590522766113,0]},{"i":{"x":0.833,"y":0.833},"o":{"x":0.167,"y":0.167},"n":"0p833_0p833_0p167_0p167","t":79,"s":[44.367,119.09,0],"e":[42,122,0],"to":[-1.33767116069794,1.8009090423584,0],"ti":[0.27981421351433,0,0]},{"t":81}],"ix":2},"a":{"a":0,"k":[4.5,4.5,0],"ix":1},"s":{"a":0,"k":[100,100,100],"ix":6}},"ao":0,"w":9,"h":9,"ip":54,"op":102,"st":54,"bm":0},{"ddd":0,"ind":10,"ty":0,"nm":"tiny_cross","refId":"comp_0","sr":1,"ks":{"o":{"a":0,"k":100,"ix":11},"r":{"a":0,"k":0,"ix":10},"p":{"a":1,"k":[{"i":{"x":0.833,"y":0.833},"o":{"x":0.167,"y":0.167},"n":"0p833_0p833_0p167_0p167","t":6,"s":[122,92,0],"e":[42,52,0],"to":[-18.8333339691162,-19.1666660308838,0],"ti":[32.8333320617676,4.66666650772095,0]},{"t":26}],"ix":2},"a":{"a":0,"k":[5.5,5.5,0],"ix":1},"s":{"a":0,"k":[100,100,100],"ix":6}},"ao":0,"w":11,"h":11,"ip":3,"op":51,"st":3,"bm":0},{"ddd":0,"ind":11,"ty":0,"nm":"tiny_circle","refId":"comp_2","sr":1,"ks":{"o":{"a":0,"k":100,"ix":11},"r":{"a":0,"k":0,"ix":10},"p":{"a":1,"k":[{"i":{"x":0.833,"y":0.833},"o":{"x":0.167,"y":0.167},"n":"0p833_0p833_0p167_0p167","t":9,"s":[122,92,0],"e":[212,72,0],"to":[19.5,-20.3333339691162,0],"ti":[-36,-9.16666698455811,0]},{"t":33}],"ix":2},"a":{"a":0,"k":[4.5,4.5,0],"ix":1},"s":{"a":0,"k":[100,100,100],"ix":6}},"ao":0,"w":9,"h":9,"ip":6,"op":54,"st":6,"bm":0},{"ddd":0,"ind":12,"ty":0,"nm":"tiny_cross 2","refId":"comp_1","sr":1,"ks":{"o":{"a":0,"k":100,"ix":11},"r":{"a":0,"k":0,"ix":10},"p":{"a":1,"k":[{"i":{"x":0.833,"y":0.833},"o":{"x":0.167,"y":0.167},"n":"0p833_0p833_0p167_0p167","t":11,"s":[122,92,0],"e":[192,152,0],"to":[33.6666679382324,10.5,0],"ti":[-22.1666660308838,-36,0]},{"t":35}],"ix":2},"a":{"a":0,"k":[5.5,5.5,0],"ix":1},"s":{"a":0,"k":[100,100,100],"ix":6}},"ao":0,"w":11,"h":11,"ip":8,"op":56,"st":8,"bm":0},{"ddd":0,"ind":13,"ty":0,"nm":"tiny_circle 2","refId":"comp_3","sr":1,"ks":{"o":{"a":0,"k":100,"ix":11},"r":{"a":0,"k":0,"ix":10},"p":{"a":1,"k":[{"i":{"x":0.833,"y":0.833},"o":{"x":0.167,"y":0.167},"n":"0p833_0p833_0p167_0p167","t":13,"s":[122,92,0],"e":[42,142,0],"to":[-33.3333320617676,4.33333349227905,0],"ti":[22.3333339691162,-35.8333320617676,0]},{"t":37}],"ix":2},"a":{"a":0,"k":[4.5,4.5,0],"ix":1},"s":{"a":0,"k":[100,100,100],"ix":6}},"ao":0,"w":9,"h":9,"ip":10,"op":63,"st":10,"bm":0},{"ddd":0,"ind":14,"ty":0,"nm":"tiny_circle","refId":"comp_2","sr":1,"ks":{"o":{"a":0,"k":100,"ix":11},"r":{"a":0,"k":0,"ix":10},"p":{"a":1,"k":[{"i":{"x":0.833,"y":0.833},"o":{"x":0.167,"y":0.167},"n":"0p833_0p833_0p167_0p167","t":22,"s":[122,92,0],"e":[42,122,0],"to":[-60,-9.33333301544189,0],"ti":[1.66666662693024,0,0]},{"t":46}],"ix":2},"a":{"a":0,"k":[4.5,4.5,0],"ix":1},"s":{"a":0,"k":[100,100,100],"ix":6}},"ao":0,"w":9,"h":9,"ip":19,"op":67,"st":19,"bm":0},{"ddd":0,"ind":15,"ty":0,"nm":"tiny_cross","refId":"comp_0","sr":1,"ks":{"o":{"a":0,"k":100,"ix":11},"r":{"a":0,"k":0,"ix":10},"p":{"a":1,"k":[{"i":{"x":0.833,"y":0.833},"o":{"x":0.167,"y":0.167},"n":"0p833_0p833_0p167_0p167","t":14,"s":[122,92,0],"e":[212,34,0],"to":[8.16666698455811,-32.6666679382324,0],"ti":[-35.6666679382324,-2.5,0]},{"t":45}],"ix":2},"a":{"a":0,"k":[5.5,5.5,0],"ix":1},"s":{"a":0,"k":[100,100,100],"ix":6}},"ao":0,"w":11,"h":11,"ip":11,"op":59,"st":11,"bm":0},{"ddd":0,"ind":16,"ty":0,"nm":"brightness BG","refId":"comp_4","sr":1,"ks":{"o":{"a":0,"k":100,"ix":11},"r":{"a":0,"k":0,"ix":10},"p":{"a":0,"k":[122,95,0],"ix":2},"a":{"a":0,"k":[78,78,0],"ix":1},"s":{"a":0,"k":[100,100,100],"ix":6}},"ao":0,"w":156,"h":156,"ip":0,"op":120,"st":0,"bm":0}],"markers":[{"tm":83,"cm":"1","dr":0}]}